{
  "extends": "tslint:recommended",
  "rules": {
    "member-ordering": false,
    "object-literal-sort-keys": false,
    "ordered-imports": false,
    "quotemark": [
      true,
      "single"
    ],
    "trailing-comma": [
      true,
      {
        "multiline": "never",
        "singleline": "never"
      }
    ],
    "eofline": false,
    "no-console": false,
    "no-string-literal": {
      "severity": "warning"
    },
    "max-classes-per-file": {
      "severity": "warning"
    },
    "one-line": {
      "severity": "warning"
    },
    "no-empty": {
      "severity": "warning"
    },
    "max-line-length": [false, 120]
  },
  "linterOptions": {
    "exclude": [
      "./node_modules/**"
    ]
  }
}